-approved	_approved
-checkprice	_checkPrice
-chunk	_chunk
-clampmin	_clampMin
-clean	_clean
-deadlocked	_deadlocked
-delayok	_delayOk
-deposit	_deposit
-floor	_floor
-judgeprice	_judgePrice
-list	_list
-passedunexecuted	_passedUnexecuted
-redeem	_redeem
-refreshopen	_refreshOpen
-removefromorder	_removeFromOrder
-resolve	_resolve
-resolvewith	_resolveWith
-salt	_salt
-seed	_seed
-shuffle	_shuffle
-t	_t
-table	_table
-update	_update
-vote	_vote
-windowok	_windowOk
assemble	assemble
burn	burn
buy	buy
cancel	cancel
cancelall	cancelAll
cards	cards
cardview	cardView
chunkat	chunkAt
claim	claim
claimfor	claimFor
colorrank	colorRank
colorweight	colorWeight
count	count
countblocked	countBlocked
createparty	createParty
creditcards	CreditCards
creditkeys	CreditKeys
credits	credits
credittraits	CreditTraits
deploy	deploy
deploychunk	deployChunk
deploymainnet	DeployMainnet
deploysepolia	DeploySepolia
deposit	deposit
depositorder	depositOrder
eightsweight	eightsWeight
execute	execute
fee-bps	FEE_BPS
feerecipient	feeRecipient
floordigest	floorDigest
for	for
getapproved	getApproved
heldat	heldAt
heldnow	heldNow
here	here
holding	holding
icardparty	ICardParty
ierc721min	IERC721Min
ifactory	IFactory
initialize	initialize
is	is
isapprovedforall	isApprovedForAll
islive	isLive
isvalidfloor	isValidFloor
keyprobe	KeyProbe
keys	keys
list	list
listfor	listFor
may	may
mint	mint
needfor	needFor
ondeposit	onDeposit
onerc721received	onERC721Received
openproposalsof	openProposalsOf
ownerof	ownerOf
packedof	packedOf
params	params
partiescount	partiesCount
party	Party
partyfactory	PartyFactory
per	per
predictparty	predictParty
printrank	printRank
printweight	printWeight
printweightr	printWeightR
proposal	proposal
proposalcount	proposalCount
propose	propose
raiseask	raiseAsk
redeem	redeem
redeemfor	redeemFor
registerparty	registerParty
run	run
safetransferfrom	safeTransferFrom
shuffle	shuffle
slice	slice
statement	statement
statementmarket	StatementMarket
status	status
that	that
timeunit	timeUnit
tokenuri	tokenURI
traitkey	traitKey
traits	traits
traitsof	traitsOf
traitstable	TraitsTable
transferhost	transferHost
verifies	verifies
verifyorder	verifyOrder
vote	vote
weightrank	weightRank
weightweight	weightWeight
weightweightr	weightWeightR
withdraw	withdraw
